{
  "context": [
    {
      "id": "FREE",
      "name": "Free play"
    },
    {
      "id": "KO",
      "name": "Kick-off"
    },
    {
      "id": "F",
      "name": "Foul"
    },
    {
      "id": "H",
      "name": "Handball"
    },
    {
      "id": "SP",
      "name": "Set piece"
    },
    {
      "id": "O",
      "name": "Offside"
    },
    {
      "id": "T",
      "name": "Throw-in"
    },
    {
      "id": "C",
      "name": "Corner kick"
    },
    {
      "id": "GK",
      "name": "Goal kick"
    },
    {
      "id": "HD",
      "name": "Header"
    },
    {
      "id": "FT",
      "name": "First touch"
    },
    {
      "id": "G",
      "name": "Goal"
    }
  ],
  "outcome": [
    {
      "id": "PST",
      "name": "Post",
      "description": "Ball hitting the post"
    },
    {
      "id": "GS",
      "name": "Goalkeeper save"
    }
  ],
  "coordinates": [
    {
      "id": "GK",
      "name": "Goal kick",
      "description": "Pseudo-coordinate: overloaded with state context; goal-kick",
      "x": "0",
      "y": "0",
      "context": "GK",
      "front": "Dp",
      "back": "G",
      "lateral": "Dw"
    },
    {
      "id": "GD",
      "name": "Goalkeeper out of penalty box",
      "description": "Pseudo-coordinate: overloaded with situational context",
      "x": "0.2",
      "y": "0",
      "front": "DM",
      "back": "Dg",
      "lateral": "Dw",
      "player": "GK"
    },
    {
      "id": "Dg",
      "name": "Goalkeeper with ball in the area",
      "description": "Pseudo-coordinate: overloaded with situational context",
      "x": "0.1",
      "y": "0",
      "front": "D",
      "back": "G",
      "lateral": "Dw",
      "player": "GK",
      "hold": false
    },
    {
      "id": "Dh",
      "name": "Goalkeeper holding ball in the area",
      "description": "Pseudo-coordinate: overloaded with situational context",
      "x": "0.1",
      "y": "0",
      "front": "D",
      "back": "G",
      "lateral": "Dw",
      "player": "GK",
      "hold": true
    },
    {
      "id": "Dp",
      "name": "Defender in the penalty area",
      "description": "Situational context, assuming that an outfield player has the ball",
      "x": "0.1",
      "y": "0",
      "front": "D",
      "back": "Dg",
      "lateral": "Dw",
      "player": "FLD"
    },
    {
      "id": "D",
      "name": "Defence",
      "description": "Defending area centrally out of the penalty box",
      "x": "0.25",
      "y": "0",
      "front": "DM",
      "back": "Dp",
      "lateral": "Dw",
      "player": "FLD"
    },
    {
      "id": "Dw",
      "name": "Defence wings",
      "description": "The wings of the whole defensive area ('covered' by penalty box and further)",
      "x": "0.15",
      "y": "1",
      "front": "DMw",
      "back": "C",
      "lateral": "Dp, D",
      "player": "FLD"
    },
    {
      "id": "DM",
      "name": "Defending midfield",
      "description": "The central area between the defensive area and the half-way line",
      "x": "0.4",
      "y": "0",
      "front": "M",
      "back": "D",
      "lateral": "DMw",
      "player": "FLD"
    },
    {
      "id": "DMw",
      "name": "Defending midfield, wings",
      "description": "The lateral area between the defensive are and the half-way line",
      "x": "0.4",
      "y": "1",
      "front": "Mw",
      "back": "Dw",
      "lateral": "DM",
      "player": "FLD"
    },
    {
      "id": "M",
      "name": "Midfield",
      "description": "The midfield central area between half-way line and attacking area",
      "x": "0.6",
      "y": "0",
      "front": "A",
      "back": "DM",
      "lateral": "Mw",
      "player": "FLD"
    },
    {
      "id": "Mw",
      "name": "Midfield, wings",
      "description": "The midfield lateral area between half-way line and attacking area",
      "x": "0.6",
      "y": "1",
      "front": "Aw",
      "back": "DMw",
      "lateral": "M",
      "player": "FLD"
    },
    {
      "id": "CK",
      "name": "Corner kick",
      "description": "Pseudo-coordinate",
      "x": "1",
      "y": "1",
      "front": "GK",
      "back": "Awp",
      "lateral": "Apw",
      "player": "FLD",
      "context": "C"
    },
    {
      "id": "A",
      "name": "Attacking area",
      "description": "Attacking area, central, out of penalty box",
      "x": "0.8",
      "y": "0",
      "front": "Ap",
      "back": "M",
      "lateral": "Aw",
      "player": "FLD"
    },
    {
      "id": "Aw",
      "name": "Attacking area, wings",
      "description": "The wings of attacking area, but not next to penalty box",
      "x": "0.8",
      "y": "1",
      "front": "Awp",
      "back": "Mw",
      "lateral": "A",
      "player": "FLD"
    },
    {
      "id": "Awp",
      "name": "Attacking area, wings, advanced",
      "description": "Attacking area, wings, next to penalty box",
      "x": "0.9",
      "y": "1",
      "front": "Awp",
      "back": "Aw",
      "lateral": "Apw",
      "player": "FLD"
    },
    {
      "id": "Apw",
      "name": "Attacking area, wings of penalty box",
      "description": "Inside the penalty box, lateral advanced position (more difficult to score)",
      "x": "0.9",
      "y": "0.2",
      "front": "Apw",
      "back": "Apc",
      "lateral": "Ap",
      "player": "FLD"
    },
    {
      "id": "Ap",
      "name": "Attacking area, penalty box",
      "description": "In the penalty box, facing the goal directly",
      "x": "0.9",
      "y": "0",
      "front": "Ap",
      "back": "A",
      "lateral": "Apw, Apc",
      "player": "FLD"
    },
    {
      "id": "Apc",
      "name": "Penalty box corner area",
      "description": "Area in the penalty box, facing the goal diagonally",
      "x": "0.85",
      "y": "0.2",
      "front": "Apw",
      "back": "A",
      "lateral": "Ap",
      "player": "FLD"
    }
  ],
  "actions": [
    {
      "id": "High",
      "name": "High ball",
      "description": "Near pass, with ball significantly off the ground"
    },
    {
      "id": "LowCross",
      "name": "Low cross",
      "description": "Low cross"
    },
    {
      "id": "Clearance",
      "name": "Clearance",
      "description": "Clearance by a defender"
    },
    {
      "id": "BounceOff",
      "name": "Bounce off",
      "description": "Pseudo-action; placeholder for when a ball is bounced off a player simulating an actual action"
    },
    {
      "id": "HandPass",
      "name": "Hand pass",
      "description": "Goalkeeper pass with hands"
    },
    {
      "id": "Move",
      "name": "Move",
      "description": "When moving with the ball; all actions imply ball playing"
    },
    {
      "id": "Pass",
      "name": "Pass",
      "description": "The usual, normal, mostly boring pass"
    },
    {
      "id": "Dribble",
      "name": "Dribble",
      "description": "Dribbling; contrast with Move where for example the player moves into empty space"
    },
    {
      "id": "Forward",
      "name": "Forward pass",
      "description": "A direct low pass forward, which typically creates an attacking advantage, if successful"
    },
    {
      "id": "Pivot",
      "name": "Pivot",
      "description": "Turning with the back to the goal"
    },
    {
      "id": "Cross",
      "name": "Cross",
      "description": "Cross"
    },
    {
      "id": "Shoot",
      "name": "Shoot",
      "description": "Shoot; any attempt at goal including headers. To distinguish between attempts, special coordinates are used"
    },
    {
      "id": "Hold",
      "name": "Hold ball",
      "description": "Applies to outfield players, so not literally holding. The next expected state should be ball loss or ball out of play"
    },
    {
      "id": "LongPass",
      "name": "Long pass",
      "description": "Long pass"
    },
    {
      "id": "LongPassBack",
      "name": "Long pass back",
      "description": "Long pass back"
    },
    {
      "id": "SwapWing",
      "name": "Swap wings",
      "description": "Long pass from one wing to the other (without aiming the ball significantly forward)"
    }
  ]
}